{
    "TYPE": "WHITE",
    "TIMELINE":                                     [ 10.0,           6.0,            1.0             ],
    "GLOBAL":
    {
        "PIECECOUNT":                               [ 3.2277497E-17,  1.2362423E-23,  2.349483E-10    ],
        "PIECEWEIGHT":                              [ -3.558E-42,     7.942932E-14,   5.4242175E-9    ],
        "PIECEWEIGHT_DEGRADATION":                  [ 1.6420286E-10,  1.3592836E-20,  -3.4378832E-18  ],
        "LEGAL_MOVES_WHILE_IN_CHECK":               [ 2.3694337E-38,  2.1713793E-16,  -2.8E-45        ],
        "KING_SAFETY":                              [ 1.1325787E-28,  -0.22856405,    -4.842346E-19   ],
        "IN_CHECK":                                 [ 1.1074414E-38,  -1.0184345E-15, 5.9905525E-32   ],
        "CASTLING_RIGHTS":                          [ 6.7395565E-22,  -3.8116224E-28, 2.9E-44         ],
        "VISIBLE_FROM":                             [ 1.72016E-40,    1.0497232E-28,  1.9495043E-9    ]
    },
    "KING":
    {
        "VISION":                                   [ -5.1157016E-15, 3.3576157E-15,  -6.2680955E-19  ],
        "VISION_ON_OBSERVED":                       [ -4.8832203E-7,  -5.061E-42,     0.0             ],
        "VISION_DEGRADATION":                       [ -5.0143925E-9,  8.395423E-14,   -0.0            ],
        "VISION_ENEMY_MODIFIER":                    [ 0.0021293652,   0.0,            1.0025269E-4    ],
        "LEGAL_MOVES":                              [ -3.0671392E-22, -2.134348E-13,  2.9105174E-31   ],
        "LEGAL_MOVES_DEGRADATION":                  [ 3.5623544E-19,  -0.010844843,   -3.547347E-15   ],
        "LEGAL_MOVES_ENEMY_MODIFIER":               [ 0.014675658,    0.0,            -1.360988E-4    ],
        "LIKES_CENTER":                             [ -5.4018037E-17, 0.14792246,     -1.7274908E-18  ],
        "LIKES_FORWARD":                            [ -4.7653992E-21, -7.021467E-29,  3.3292036E-34   ],
        "SAFE_MOVES":                               [ 1.9646072E-22,  1.5874157E-21,  1.4E-45         ],
        "SAFE_MOVES_DEGRADATION":                   [ 4.848802E-18,   1.5810213E-23,  -6.2539196E-22  ],
        "SAFE_MOVES_ENEMY_MODIFIER":                [ 0.0,            0.0,            0.0             ],
        "CONTESTED_POSITIONS":                      [ 4.4383894E-30,  2.5013411E-26,  -7.08055E-40    ],
        "CONTESTED_POSITIONS_DEGRADATION":          [ 5.424224E-21,   -3.230007E-31,  1.3885075E-36   ],
        "CONTESTED_POSITIONS_ENEMY_MODIFIER":       [ 0.0,            0.0,            0.0             ],
        "PROTECTION":                               [ -1.31421826E-20,-1.9521533E-21, -3.7322584E-10  ],
        "PROTECTION_DEGRADATION":                   [ -5.1950605E-35, -0.0,           6.7526264E-34   ],
        "PROTECTION_WEIGHT_MODIFIER":               [ 2.0925388E-7,   6.486188E-8,    2.3249542E-9    ],
        "PROTECTION_ENEMY_MODIFIER":                [ 0.0,            -0.0094053615,  -1.6283715E-4   ],
        "IS_OBSERVED":                              [ 6.4E-44,        0.0,            7.067846E-17    ],
        "IS_OBSERVED_DEGRADATION":                  [ -4.3812255E-21, -4.0854477E-30, -2.5121047E-24  ],
        "IS_OBSERVED_WEIGHT_MODIFIER":              [ 8.490885E-22,   1.0310348E-37,  -9.462E-42      ],
        "IS_OBSERVED_ENEMY_MODIFIER":               [ 0.0,            0.0,            -1.1799325E-4   ],
        "WEIGHT_MODIFIER":                          [ -1.8217858E-12, 2.532846E-11,   4.096607E-21    ]
    },
    "QUEEN":
    {
        "VISION":                                   [ -3.4444737E-13, 9.692216E-16,   3.579E-42       ],
        "VISION_ON_OBSERVED":                       [ -1.7275973E-9,  1.8548593E-13,  1.4625444E-37   ],
        "VISION_DEGRADATION":                       [ -3.5399097E-11, 2.9991903E-26,  2.5789928E-22   ],
        "VISION_ENEMY_MODIFIER":                    [ -1.18837655E-4, 0.0,            -6.1778783E-6   ],
        "LEGAL_MOVES":                              [ -1.0365486E-26, -8.5018494E-4,  -5.701548E-10   ],
        "LEGAL_MOVES_DEGRADATION":                  [ 6.6877955E-31,  5.389041E-19,   6.054E-15       ],
        "LEGAL_MOVES_ENEMY_MODIFIER":               [ 0.007703299,    0.05855747,     0.08027411      ],
        "LIKES_CENTER":                             [ 1.7917367E-17,  4.822367E-15,   -6.1215475E-20  ],
        "LIKES_FORWARD":                            [ 4.037851E-24,   1.800288E-19,   3.9876455E-10   ],
        "SAFE_MOVES":                               [ 2.5366341E-18,  -4.2116476E-18, 6.735533E-30    ],
        "SAFE_MOVES_DEGRADATION":                   [ 3.0334516E-21,  -2.8848664E-37, 1.1E-44         ],
        "SAFE_MOVES_ENEMY_MODIFIER":                [ 0.0,            0.0043080053,   0.0             ],
        "CONTESTED_POSITIONS":                      [ -3.6936782E-18, -2.76616E-24,   -4.301877E-26   ],
        "CONTESTED_POSITIONS_DEGRADATION":          [ -4.623942E-37,  -8.991528E-24,  -0.0            ],
        "CONTESTED_POSITIONS_ENEMY_MODIFIER":       [ 0.0,            -6.862284E-4,   0.0             ],
        "PROTECTION":                               [ -1.8457698E-20, -6.479941E-23,  -1.0248544E-15  ],
        "PROTECTION_DEGRADATION":                   [ -1.1190555E-22, 1.2935174E-16,  8.132408E-37    ],
        "PROTECTION_WEIGHT_MODIFIER":               [ 2.1461443E-7,   7.2916144E-8,   -2.0055047E-9   ],
        "PROTECTION_ENEMY_MODIFIER":                [ 0.16463129,     0.0,            8.487238E-4     ],
        "IS_OBSERVED":                              [ -8.121421E-17,  1.2368164E-20,  -5.17484E-40    ],
        "IS_OBSERVED_DEGRADATION":                  [ -7.372735E-19,  4.4628313E-22,  -4.64644E-14    ],
        "IS_OBSERVED_WEIGHT_MODIFIER":              [ 2.8989294E-20,  1.2553515E-16,  7.731754E-17    ],
        "IS_OBSERVED_ENEMY_MODIFIER":               [ 0.0,            0.0,            0.0             ],
        "WEIGHT_MODIFIER":                          [ 1.29384E-13,    2.8228908E-7,   -3.7427826E-21  ]
    },
    "ROOK":
    {
        "VISION":                                   [ 6.5020758E-28,  1.5119667E-33,  4.077802E-26    ],
        "VISION_ON_OBSERVED":                       [ 1.0609287E-31,  -2.12365E-34,   1.4E-44         ],
        "VISION_DEGRADATION":                       [ -1.3324311E-20, 5.242783E-13,   7.7049754E-13   ],
        "VISION_ENEMY_MODIFIER":                    [ -1.5311536E-5,  0.0,            0.013898875     ],
        "LEGAL_MOVES":                              [ -2.0040947E-25, -2.0104912E-34, -4.19E-43       ],
        "LEGAL_MOVES_DEGRADATION":                  [ -2.3332917E-23, 1.3106316E-22,  1.1496207E-19   ],
        "LEGAL_MOVES_ENEMY_MODIFIER":               [ 0.0,            0.0,            0.0             ],
        "LIKES_CENTER":                             [ -3.5389E-19,    -2.8E-45,       -2.7481175E-12  ],
        "LIKES_FORWARD":                            [ 1.4E-45,        -3.8242063E-35, 0.0             ],
        "SAFE_MOVES":                               [ -2.1304527E-18, 3.4144823E-9,   5.569E-41       ],
        "SAFE_MOVES_DEGRADATION":                   [ -3.2571766E-6,  -4.5628576E-34, -2.5946797E-18  ],
        "SAFE_MOVES_ENEMY_MODIFIER":                [ -0.0039903848,  0.0,            -1.03780265E-4  ],
        "CONTESTED_POSITIONS":                      [ 2.221333E-24,   5.698228E-21,   -1.3234372E-9   ],
        "CONTESTED_POSITIONS_DEGRADATION":          [ 5.6159865E-7,   2.0035995E-22,  -3.7921045E-18  ],
        "CONTESTED_POSITIONS_ENEMY_MODIFIER":       [ -0.019680826,   0.0,            0.0             ],
        "PROTECTION":                               [ 2.1172304E-25,  4.65789E-40,    4.508935E-24    ],
        "PROTECTION_DEGRADATION":                   [ 0.0,            5.0897043E-19,  1.704E-42       ],
        "PROTECTION_WEIGHT_MODIFIER":               [ 2.9041665E-8,   2.0206172E-9,   4.947213E-9     ],