{
    "TYPE": "CURRENT",
    "TIMELINE":                             [ 10.0,           6.0,            1.0             ],
    "GLOBAL":
    {
        "PIECECOUNT":                       [ 6.364532E-11,   2.4376429E-17,  4.63275E-4      ],
        "PIECEWEIGHT":                      [ -3.4384955E-34, 2.3680256E-7,   0.010695563     ],
        "PIECEWEIGHT_DEGRADATION":          [ -4.463966E-6,   -5.888974E-13,  -3.6301843E-13  ],
        "LEGAL_MOVES_WHILE_IN_CHECK":       [ 4.672088E-32,   1.4239024E-9,   -3.53503E-39    ],
        "KING_SAFETY":                      [ 2.2332377E-22,  3.9184E-40,     -9.548218E-13   ],
        "IN_CHECK":                         [ -8.566142E-34,  -5.665538E-12,  5.639945E-26    ],
        "CASTLING_RIGHTS":                  [ 1.328917E-15,   -7.515821E-22,  5.892061E-38    ],
        "VISIBLE_FROM":                     [ -1.3400829E-33, 2.0698615E-22,  0.0038440651    ]
    },
    "KING":
    {
        "VISION":                           [ 3.233235E-11,   6.6206023E-9,   1.2519957E-13   ],
        "VISION_ON_OBSERVED":               [ 0.079861745,    -9.981101E-36,  5.47563E-40     ],
        "VISION_DEGRADATION":               [ 0.0019770565,   1.6554236E-7,   -1.3083E-41     ],
        "LEGAL_MOVES":                      [ 8.199314E-15,   -4.208543E-7,   5.739007E-25    ],
        "LEGAL_MOVES_DEGRADATION":          [ 1.1392542E-12,  3.27E-43,       -6.994719E-9    ],
        "LIKES_CENTER":                     [ 2.1245224E-10,  2.03E-43,       -9.5400975E-14  ],
        "LIKES_FORWARD":                    [ -6.1014536E-16, -1.3845047E-22, 6.564579E-28    ],
        "SAFE_MOVES":                       [ 4.6134793E-16,  7.2572234E-17,  2.17234E-39     ],
        "SAFE_MOVES_DEGRADATION":           [ -1.5335637E-12, 3.117484E-17,   6.9356143E-16   ],
        "CONTESTED_POSITIONS":              [ 8.751691E-24,   4.932186E-20,   7.101797E-34    ],
        "CONTESTED_POSITIONS_DEGRADATION":  [ 1.0695576E-14,  -1.2725425E-24, 3.521265E-32    ],
        "PROTECTION":                       [ -2.5913974E-14, -3.8492883E-15, 2.4677216E-4    ],
        "PROTECTION_DEGRADATION":           [ -1.0243707E-28, -2.87E-43,      1.3314942E-27   ],
        "PROTECTION_WEIGHT_MODIFIER":       [ 0.064953394,    0.12789574,     0.0045843837    ],
        "IS_OBSERVED":                      [ 3.1212508E-38,  1.186887E-39,   5.8069227E-10   ],
        "IS_OBSERVED_DEGRADATION":          [ -8.638973E-15,  -8.055754E-24,  -4.9534102E-18  ],
        "IS_OBSERVED_WEIGHT_MODIFIER":      [ -8.019894E-16,  2.0330118E-31,  -1.865671E-35   ],
        "WEIGHT_MODIFIER":                  [ 1.7271481E-6,   4.9943086E-5,   -5.9407746E-16  ]
    },
    "QUEEN":
    {
        "VISION":                           [ -1.04162645E-7, -5.7784544E-10, 7.056474E-36    ],
        "VISION_ON_OBSERVED":               [ 2.2815532E-4,   3.6574426E-7,   -1.5296173E-30  ],
        "VISION_DEGRADATION":               [ -6.9800524E-5,  9.9099003E-20,  6.80856E-17     ],
        "LEGAL_MOVES":                      [ -2.0438836E-20, 1.4E-44,        3.1753426E-4    ],
        "LEGAL_MOVES_DEGRADATION":          [ 1.3187107E-24,  5.2150965E-13,  3.179859E-9     ],
        "LIKES_CENTER":                     [ 1.2266447E-12,  9.508824E-9,    2.2660147E-14   ],
        "LIKES_FORWARD":                    [ 7.961901E-18,   3.5498378E-13,  -3.4204233E-4   ],
        "SAFE_MOVES":                       [ 5.001777E-12,   -8.304596E-12,  -1.0901842E-23  ],
        "SAFE_MOVES_DEGRADATION":           [ 5.9814104E-15,  -5.688427E-31,  2.0864293E-38   ],
        "CONTESTED_POSITIONS":              [ -7.2832565E-12, 3.1895642E-18,  -8.994077E-19   ],
        "CONTESTED_POSITIONS_DEGRADATION":  [ 3.370837E-30,   -2.860551E-17,  -1.5128E-41     ],
        "PROTECTION":                       [ -3.6395196E-14, 6.6751904E-18,  -2.020825E-9    ],
        "PROTECTION_DEGRADATION":           [ 1.284621E-16,   2.9801697E-10,  -2.2343576E-31  ],
        "PROTECTION_WEIGHT_MODIFIER":       [ -0.24863751,    -0.10134618,    0.0028643415    ],
        "IS_OBSERVED":                      [ -1.6013951E-10, -2.391554E-13,  -1.0203847E-33  ],
        "IS_OBSERVED_DEGRADATION":          [ -1.4537681E-12, -7.382988E-16,  -9.161927E-8    ],
        "IS_OBSERVED_WEIGHT_MODIFIER":      [ 5.716158E-14,   -6.201017E-11,  4.6387255E-11   ],
        "WEIGHT_MODIFIER":                  [ -2.5706928E-9,  0.55662227,     -7.380081E-15   ]
    },
    "ROOK":
    {
        "VISION":                           [ 1.2820902E-21,  -4.3552195E-28, 8.040678E-20    ],
        "VISION_ON_OBSERVED":               [ -1.5140769E-24, -3.0976612E-29, 2.7864506E-38   ],
        "VISION_DEGRADATION":               [ -2.6273095E-14, 1.0337809E-6,   -3.2759377E-9   ],
        "LEGAL_MOVES":                      [ -3.9517078E-19, -3.9643193E-28, -8.273716E-37   ],
        "LEGAL_MOVES_DEGRADATION":          [ -2.784508E-17,  2.5843253E-16,  2.266841E-13    ],
        "LIKES_CENTER":                     [ -6.978062E-13,  -7.493675E-39,  3.8583687E-7    ],
        "LIKES_FORWARD":                    [ 3.321698E-39,   -7.540634E-29,  -9.9051E-41     ],
        "SAFE_MOVES":                       [ -4.200862E-12,  -3.773873E-5,   1.0981172E-34   ],
        "SAFE_MOVES_DEGRADATION":           [ -6.4225545,     -8.997118E-28,  4.7969723E-12   ],
        "CONTESTED_POSITIONS":              [ 4.380061E-18,   1.1235862E-14,  -0.0026095754   ],
        "CONTESTED_POSITIONS_DEGRADATION":  [ 0.8714963,      3.950731E-16,   1.2493553E-11   ],
        "PROTECTION":                       [ 4.1747896E-19,  9.184504E-34,   3.7716583E-20   ],
        "PROTECTION_DEGRADATION":           [ 2.58E-43,       1.0035964E-12,  -1.1457562E-37  ],
        "PROTECTION_WEIGHT_MODIFIER":       [ 0.057264835,    -0.014645793,   0.009754997     ],
        "IS_OBSERVED":                      [ -1.232659E-39,  -2.4415643E-16, 1.1905165E-14   ],
        "IS_OBSERVED_DEGRADATION":          [ 1.1968774E-12,  -3.9597216E-27, -4.9180912E-8   ],
        "IS_OBSERVED_WEIGHT_MODIFIER":      [ -6.2679345E-35, 6.0446894E-8,   0.0018667538    ],
        "WEIGHT_MODIFIER":                  [ -1.08219816E-13,-3.5598243E-18, -2.511034E-12   ]
    },
    "BISHOP":
    {
        "VISION":                           [ 6.191439E-13,   -5.972468E-38,  1.4321832E-29   ],
        "VISION_ON_OBSERVED":               [ -3.5162706E-10, -4.176472E-17,  4.4170356E-5    ],
        "VISION_DEGRADATION":               [ 3.3673714E-14,  -6.771806E-13,  -4.7629102E-23  ],
        "LEGAL_MOVES":                      [ 7.196938E-15,   -4.1079065E-13, 2.5590335E-25   ],
        "LEGAL_MOVES_DEGRADATION":          [ 1.5199883E-25,  2.4039223E-35,  0.0540297       ],
        "LIKES_CENTER":                     [ -5.3487236E-12, -1.6016866E-5,  -1.8084277E-11  ],
        "LIKES_FORWARD":                    [ -2.8784618E-27, -6.260209E-13,  2.41E-41        ],
        "SAFE_MOVES":                       [ -6.3777312E-9,  -1.5959635E-5,  -2.1753883E-38  ],
        "SAFE_MOVES_DEGRADATION":           [ -4.0973727E-13, 1.9937017E-11,  -2.1059748E-36  ],
        "CONTESTED_POSITIONS":              [ 5.037822E-26,   6.6554233E-32,  4.0925832E-13   ],
        "CONTESTED_POSITIONS_DEGRADATION":  [ 2.4110998E-17,  -9.83674E-15,   3.470961E-36    ],
        "PROTECTION":                       [ -1.0084465E-32, 3.009414E-14,   0.0130509725    ],
        "PROTECTION_DEGRADATION":           [ 0.028211521,    -1.1282996E-14, 4.496834E-9     ],
        "PROTECTION_WEIGHT_MODIFIER":       [ -0.023146693,   -0.2504086,     0.024656532     ],
        "IS_OBSERVED":                      [ 4.1649836E-16,  2.44E-43,       -3.89985E-7     ],
        "IS_OBSERVED_DEGRADATION":          [ -6.508E-41,     5.5684467E-8,   -0.0062981374   ],
        "IS_OBSERVED_WEIGHT_MODIFIER":      [ -6.2593577E-13, -3.3792073E-30, -4.4468717E-34  ],