{
    "TYPE": "BLACK",
    "TIMELINE":                                     [ 10.0,           6.0,            1.0             ],
    "GLOBAL":
    {
        "PIECECOUNT":                               [ 7.773591E-16,   2.977319E-22,   5.658406E-9     ],
        "PIECEWEIGHT":                              [ -8.5677E-41,    1.9129457E-12,  1.306348E-7     ],
        "PIECEWEIGHT_DEGRADATION":                  [ 3.9545993E-9,   -7.192749E-18,  -8.2796677E-17  ],
        "LEGAL_MOVES_WHILE_IN_CHECK":               [ 5.706454E-37,   5.2294675E-15,  -8.7E-44        ],
        "KING_SAFETY":                              [ 2.7276597E-27,  4.2E-45,        -1.16621225E-17 ],
        "IN_CHECK":                                 [ 2.66712E-37,    -2.452759E-14,  1.4427419E-30   ],
        "CASTLING_RIGHTS":                          [ 1.6231292E-20,  -9.179767E-27,  6.96E-43        ],
        "VISIBLE_FROM":                             [ 4.1428E-39,     2.5281135E-27,  4.6951122E-8    ]
    },
    "KING":
    {
        "VISION":                                   [ -1.2320461E-13, 8.0863545E-14,  -1.5095843E-17  ],
        "VISION_ON_OBSERVED":                       [ -6.32388E-6,    -1.21909E-40,   7.0E-45         ],
        "VISION_DEGRADATION":                       [ -1.2076472E-7,  2.021922E-12,   -0.0            ],
        "VISION_ENEMY_MODIFIER":                    [ 0.0,            0.0,            0.002414448     ],
        "LEGAL_MOVES":                              [ -7.386782E-21,  -5.140283E-12,  7.00958E-30     ],
        "LEGAL_MOVES_DEGRADATION":                  [ 8.5794396E-18,  -0.26118308,    -8.543297E-14   ],
        "LEGAL_MOVES_ENEMY_MODIFIER":               [ 0.353443,       0.0,            -0.0032777516   ],
        "LIKES_CENTER":                             [ -1.3009501E-15, 3.0288634,      -4.1604233E-17  ],
        "LIKES_FORWARD":                            [ -7.45227E-21,   -1.6910235E-27, 8.017928E-33    ],
        "SAFE_MOVES":                               [ 4.7314856E-21,  3.0495968E-21,  3.5E-44         ],
        "SAFE_MOVES_DEGRADATION":                   [ 1.1677671E-16,  3.8076715E-22,  -1.5061702E-20  ],
        "SAFE_MOVES_ENEMY_MODIFIER":                [ 0.0,            0.0,            0.0             ],
        "CONTESTED_POSITIONS":                      [ 1.0689248E-28,  6.024135E-25,   -1.7052543E-38  ],
        "CONTESTED_POSITIONS_DEGRADATION":          [ 1.3063495E-19,  -7.779026E-30,  3.344029E-35    ],
        "CONTESTED_POSITIONS_ENEMY_MODIFIER":       [ 0.0,            0.0,            0.0             ],
        "PROTECTION":                               [ -3.1651133E-19, -4.7014917E-20, -8.988629E-9    ],
        "PROTECTION_DEGRADATION":                   [ -1.2511587E-33, -0.0,           1.626277E-32    ],
        "PROTECTION_WEIGHT_MODIFIER":               [ 7.9333597E-7,   1.562109E-6,    5.599332E-8     ],
        "PROTECTION_ENEMY_MODIFIER":                [ 0.0,            0.0,            -0.003921708    ],
        "IS_OBSERVED":                              [ 3.81E-43,       1.4E-44,        1.7021933E-15   ],
        "IS_OBSERVED_DEGRADATION":                  [ -1.05515766E-19,-9.8392366E-29, -6.0500576E-23  ],
        "IS_OBSERVED_WEIGHT_MODIFIER":              [ 2.0449125E-20,  2.4831052E-36,  -2.27872E-40    ],
        "IS_OBSERVED_ENEMY_MODIFIER":               [ 0.0,            0.0,            -0.0028417048   ],
        "WEIGHT_MODIFIER":                          [ -4.38752E-11,   6.1000105E-10,  9.8661134E-20   ]
    },
    "QUEEN":
    {
        "VISION":                                   [ -8.29554E-12,   2.3342365E-14,  8.6187E-41      ],
        "VISION_ON_OBSERVED":                       [ -4.16068E-8,    4.467173E-12,   3.522337E-36    ],
        "VISION_DEGRADATION":                       [ -8.5253843E-10, 7.223136E-25,   8.315924E-22    ],
        "VISION_ENEMY_MODIFIER":                    [ -0.002862041,   0.0,            -1.4878568E-4   ],
        "LEGAL_MOVES":                              [ -2.4963844E-25, 0.003995989,    -9.145099E-9    ],
        "LEGAL_MOVES_DEGRADATION":                  [ 1.6106633E-29,  1.2978762E-17,  3.883856E-14    ],
        "LEGAL_MOVES_ENEMY_MODIFIER":               [ -0.02111413,    0.0,            0.0             ],
        "LIKES_CENTER":                             [ 4.3151509E-16,  1.1614006E-13,  2.7676936E-19   ],
        "LIKES_FORWARD":                            [ 9.724607E-23,   4.3357453E-18,  1.5269666E-9    ],
        "SAFE_MOVES":                               [ 6.109133E-17,   -1.0143172E-16, 1.6221601E-28   ],
        "SAFE_MOVES_DEGRADATION":                   [ 7.3056495E-20,  -6.947802E-36,  2.55E-43        ],
        "SAFE_MOVES_ENEMY_MODIFIER":                [ 0.0,            0.030122189,    0.0             ],
        "CONTESTED_POSITIONS":                      [ -8.895715E-17,  -6.661915E-23,  -1.09853E-23    ],
        "CONTESTED_POSITIONS_DEGRADATION":          [ -1.11361265E-35,-2.1654855E-22, -0.0            ],
        "CONTESTED_POSITIONS_ENEMY_MODIFIER":       [ 0.0,            -0.016526865,   0.0             ],
        "PROTECTION":                               [ -4.445282E-19,  -1.5606043E-21, -2.4682205E-14  ],
        "PROTECTION_DEGRADATION":                   [ 1.5690265E-21,  3.1152582E-15,  1.9585782E-35   ],
        "PROTECTION_WEIGHT_MODIFIER":               [ 5.168693E-6,    1.7560848E-6,   -4.8299817E-8   ],
        "PROTECTION_ENEMY_MODIFIER":                [ 0.0,            0.0,            0.020440344     ],
        "IS_OBSERVED":                              [ -1.955932E-15,  2.9787017E-19,  -1.2462902E-38  ],
        "IS_OBSERVED_DEGRADATION":                  [ -1.7756216E-17, 1.0748113E-20,  -1.1190309E-12  ],
        "IS_OBSERVED_WEIGHT_MODIFIER":              [ 6.981672E-19,   3.023341E-15,   5.991274E-16    ],
        "IS_OBSERVED_ENEMY_MODIFIER":               [ 0.0,            0.0,            0.0             ],
        "WEIGHT_MODIFIER":                          [ 3.116035E-12,   6.7985434E-6,   -9.013975E-20   ]
    },
    "ROOK":
    {
        "VISION":                                   [ 1.5659353E-26,  -5.319432E-33,  9.820823E-25    ],
        "VISION_ON_OBSERVED":                       [ -1.8492821E-29, -3.7834601E-34, 3.4E-43         ],
        "VISION_DEGRADATION":                       [ -3.2089764E-19, 1.26265205E-11, 1.8556372E-11   ],
        "VISION_ENEMY_MODIFIER":                    [ -3.687572E-4,   0.0,            0.0             ],
        "LEGAL_MOVES":                              [ -4.826586E-24,  -4.8419905E-33, -1.0105E-41     ],
        "LEGAL_MOVES_DEGRADATION":                  [ -5.6194114E-22, 3.1564756E-21,  2.7687028E-18   ],
        "LEGAL_MOVES_ENEMY_MODIFIER":               [ 0.0,            0.0,            0.0             ],
        "LIKES_CENTER":                             [ -8.522953E-18,  -9.1E-44,       5.3204533E-12   ],
        "LIKES_FORWARD":                            [ 4.1E-44,        -9.210074E-34,  -1.4E-45        ],
        "SAFE_MOVES":                               [ -5.1309014E-17, 1.2165557E-8,   1.341232E-39    ],
        "SAFE_MOVES_DEGRADATION":                   [ -7.844461E-5,   -1.09890134E-32,-6.248928E-17   ],
        "SAFE_MOVES_ENEMY_MODIFIER":                [ -0.0021154862,  0.0,            -0.0024994046   ],
        "CONTESTED_POSITIONS":                      [ 5.349774E-23,   1.3723397E-19,  -3.187316E-8    ],
        "CONTESTED_POSITIONS_DEGRADATION":          [ 1.3525328E-5,   4.8253932E-21,  -9.132761E-17   ],
        "CONTESTED_POSITIONS_ENEMY_MODIFIER":       [ 0.0,            0.0,            0.0             ],
        "PROTECTION":                               [ 5.0990573E-24,  1.1217885E-38,  1.0859147E-22   ],
        "PROTECTION_DEGRADATION":                   [ 0.0,            1.2257851E-17,  -3.475E-42      ],
        "PROTECTION_WEIGHT_MODIFIER":               [ 6.994284E-7,    4.866378E-8,    1.1914679E-7    ],