{
    "TYPE": "BLACK",
    "TIMELINE":                             [ 10.0,           6.0,            1.0             ],
    "GLOBAL":
    {
        "PIECECOUNT":                       [ 6.364532E-11,   2.4376429E-17,  4.63275E-4      ],
        "PIECEWEIGHT":                      [ -3.4384955E-34, -2.4618116E-8,  0.010695563     ],
        "PIECEWEIGHT_DEGRADATION":          [ -7.3508327E-6,  -5.888974E-13,  -5.160329E-13   ],
        "LEGAL_MOVES_WHILE_IN_CHECK":       [ 4.672088E-32,   4.2815618E-10,  -7.160005E-39   ],
        "KING_SAFETY":                      [ 2.2332377E-22,  3.9184E-40,     -9.548218E-13   ],
        "IN_CHECK":                         [ -8.566142E-34,  -5.665538E-12,  5.639945E-26    ],
        "CASTLING_RIGHTS":                  [ 1.328917E-15,   -7.515821E-22,  5.7070324E-38   ],
        "VISIBLE_FROM":                     [ 3.3918671E-34,  2.0698615E-22,  0.0038440651    ]
    },
    "KING":
    {
        "VISION":                           [ 3.233235E-11,   6.6206023E-9,   8.208318E-14    ],
        "VISION_ON_OBSERVED":               [ 0.079861745,    -9.981101E-36,  5.47563E-40     ],
        "VISION_DEGRADATION":               [ 0.0019770565,   1.6554236E-7,   -1.3083E-41     ],
        "VISION_ENEMY_MODIFIER":            [ 0.0,            0.0,            0.0             ],
        "LEGAL_MOVES":                      [ -6.047836E-16,  -4.208543E-7,   5.739007E-25    ],
        "LEGAL_MOVES_DEGRADATION":          [ 7.02431E-13,    3.27E-43,       -6.994719E-9    ],
        "LEGAL_MOVES_ENEMY_MODIFIER":       [ 0.0,            0.0,            0.0    ],
        "LIKES_CENTER":                     [ -1.0651367E-10, 2.03E-43,       -9.5400975E-14  ],
        "LIKES_FORWARD":                    [ -6.1014536E-16, -1.3845047E-22, 6.564579E-28    ],
        "SAFE_MOVES":                       [ 4.6134793E-16,  7.2572234E-17,  2.921207E-39    ],
        "SAFE_MOVES_DEGRADATION":           [ -1.5335637E-12, 3.117484E-17,   -1.2331582E-15  ],
        "SAFE_MOVES_ENEMY_MODIFIER":        [ 0.0,            0.0,            0.0             ],
        "CONTESTED_POSITIONS":              [ 8.751691E-24,   4.932186E-20,   -1.3961558E-33  ],
        "CONTESTED_POSITIONS_DEGRADATION":  [ 1.0695576E-14,  -6.3689804E-25, 3.5772765E-32   ],
        "CONTESTED_POSITIONS_ENEMY_MODIFIER":[ 0.0,            0.0,            0.0             ],
        "PROTECTION":                       [ -2.5913974E-14, -3.8492883E-15, 2.505379E-4     ],
        "PROTECTION_DEGRADATION":           [ -1.0243707E-28, -2.87E-43,      1.3314942E-27   ],
        "PROTECTION_WEIGHT_MODIFIER":       [ 0.064953394,    0.12789574,     0.0045843837    ],
        "PROTECTION_ENEMY_MODIFIER":        [ 0.0,            0.0,            0.0             ],
        "IS_OBSERVED":                      [ 3.1212508E-38,  1.186887E-39,   1.3936496E-10   ],
        "IS_OBSERVED_DEGRADATION":          [ -8.638973E-15,  -8.055754E-24,  -4.9534102E-18  ],
        "IS_OBSERVED_WEIGHT_MODIFIER":      [ 1.6742468E-15,  2.0330118E-31,  -1.865671E-35   ],
        "IS_OBSERVED_ENEMY_MODIFIER":      [ 0.0,             0.0,            0.0             ],
        "WEIGHT_MODIFIER":                  [ -3.5922278E-6,  4.9943086E-5,   -5.9407746E-16  ]
    },
    "QUEEN":
    {
        "VISION":                           [ -1.04162645E-7, -5.7784544E-10, 7.056474E-36    ],
        "VISION_ON_OBSERVED":               [ 2.2815532E-4,   3.6574426E-7,   2.8838697E-31   ],
        "VISION_DEGRADATION":               [ -6.9800524E-5,  5.9138535E-20,  6.80856E-17     ],
        "VISION_ENEMY_MODIFIER":            [ 0.0,            0.0,            0.0             ],
        "LEGAL_MOVES":                      [ -2.0438836E-20, 1.4E-44,        3.1753426E-4    ],
        "LEGAL_MOVES_DEGRADATION":          [ 1.3187107E-24,  1.0626202E-12,  3.179859E-9     ],
        "LEGAL_MOVES_ENEMY_MODIFIER":       [ 0.0,            0.0,            0.0    ],
        "LIKES_CENTER":                     [ -1.2398798E-12, 9.508824E-9,    2.2660147E-14   ],
        "LIKES_FORWARD":                    [ 7.961901E-18,   3.5498378E-13,  1.250185E-4     ],
        "SAFE_MOVES":                       [ 5.001777E-12,   -8.304596E-12,  1.3281235E-23   ],
        "SAFE_MOVES_DEGRADATION":           [ 5.9814104E-15,  -5.688427E-31,  2.0864293E-38   ],
        "SAFE_MOVES_ENEMY_MODIFIER":        [ 0.0,            0.0,            0.0             ],
        "CONTESTED_POSITIONS":              [ -7.2832565E-12, -5.4543603E-18, -8.994077E-19   ],
        "CONTESTED_POSITIONS_DEGRADATION":  [ -9.117566E-31,  -1.7729644E-17, -1.5128E-41     ],
        "CONTESTED_POSITIONS_ENEMY_MODIFIER":[ 0.0,            0.0,            0.0             ],
        "PROTECTION":                       [ -3.6395196E-14, 6.6751904E-18,  -2.020825E-9    ],
        "PROTECTION_DEGRADATION":           [ 1.284621E-16,   2.9801697E-10,  -2.2343576E-31  ],
        "PROTECTION_WEIGHT_MODIFIER":       [ 0.4231803,      0.14377727,     0.0028643415    ],
        "PROTECTION_ENEMY_MODIFIER":        [ 0.0,            0.0,            0.0             ],
        "IS_OBSERVED":                      [ -1.6013951E-10, -2.391554E-13,  -1.0203847E-33  ],
        "IS_OBSERVED_DEGRADATION":          [ -1.4537681E-12, 8.799884E-16,   -9.161927E-8    ],
        "IS_OBSERVED_WEIGHT_MODIFIER":      [ 5.716158E-14,   2.475323E-10,   4.9052814E-11   ],
        "IS_OBSERVED_ENEMY_MODIFIER":      [ 0.0,             0.0,            0.0             ],
        "WEIGHT_MODIFIER":                  [ -2.5706928E-9,  0.55662227,     -7.380081E-15   ]
    },
    "ROOK":
    {
        "VISION":                           [ 1.2820902E-21,  -4.3552195E-28, 8.040678E-20    ],
        "VISION_ON_OBSERVED":               [ -1.5140769E-24, -3.0976612E-29, 2.7864506E-38   ],
        "VISION_DEGRADATION":               [ -2.6273095E-14, 1.0337809E-6,   -3.2759377E-9   ],
        "VISION_ENEMY_MODIFIER":            [ 0.0,            0.0,            0.0    ],
        "LEGAL_MOVES":                      [ -3.9517078E-19, -3.9643193E-28, -8.273716E-37   ],
        "LEGAL_MOVES_DEGRADATION":          [ -4.6008236E-17, 2.5843253E-16,  2.266841E-13    ],
        "LEGAL_MOVES_ENEMY_MODIFIER":       [ 0.0,            0.0,            0.0    ],
        "LIKES_CENTER":                     [ -6.978062E-13,  -7.493675E-39,  3.8583687E-7    ],
        "LIKES_FORWARD":                    [ 3.321698E-39,   -7.540634E-29,  -9.9051E-41     ],
        "SAFE_MOVES":                       [ -4.200862E-12,  -3.773873E-5,   1.0981172E-34   ],
        "SAFE_MOVES_DEGRADATION":           [ -6.4225545,     -8.997118E-28,  -5.1162325E-12  ],
        "SAFE_MOVES_ENEMY_MODIFIER":        [ 0.0,            0.0,            0.0             ],
        "CONTESTED_POSITIONS":              [ 4.380061E-18,   1.1235862E-14,  -0.0026095754   ],
        "CONTESTED_POSITIONS_DEGRADATION":  [ 1.1073694,      3.950731E-16,   -7.477335E-12   ],
        "CONTESTED_POSITIONS_ENEMY_MODIFIER":[ 0.0,            0.0,            0.0             ],
        "PROTECTION":                       [ 4.1747896E-19,  9.184504E-34,   3.7716583E-20   ],
        "PROTECTION_DEGRADATION":           [ 2.58E-43,       1.0035964E-12,  -1.1457562E-37  ],
        "PROTECTION_WEIGHT_MODIFIER":       [ 0.057264835,    0.003984287,    0.009754997     ],
        "PROTECTION_ENEMY_MODIFIER":        [ 0.0,            0.0,            0.0             ],
        "IS_OBSERVED":                      [ 5.6429E-41,     -2.8502585E-16, -2.2675311E-15  ],
        "IS_OBSERVED_DEGRADATION":          [ 1.1968774E-12,  -3.9597216E-27, -4.9180912E-8   ],
        "IS_OBSERVED_WEIGHT_MODIFIER":      [ -6.2679345E-35, 6.0446894E-8,   0.0018667538    ],
        "IS_OBSERVED_ENEMY_MODIFIER":      [ 0.0,             0.0,            0.0             ],
        "WEIGHT_MODIFIER":                  [ -1.08219816E-13,-3.5598243E-18, -2.511034E-12   ]
    },