{
    "TYPE": "OLD>>>>",
    "TIMELINE":                             [ 10.0,           6.0,            1.0             ],
    "GLOBAL":
    {
        "PIECECOUNT":                       [ 5.5581516E-12,  1.0237497E-17,  -0.0015244945   ],
        "PIECEWEIGHT":                      [ -9.893185E-35,  2.3389995E-7,   0.0018813531    ],
        "PIECEWEIGHT_DEGRADATION":          [ 8.2130714E-7,   -9.739149E-13,  2.3354766E-13   ],
        "LEGAL_MOVES_WHILE_IN_CHECK":       [ -3.6460816E-31, 1.8218804E-10,  -1.8155588E-37  ],
        "KING_SAFETY":                      [ 2.201513E-23,   1.15121E-40,    5.590553E-13    ],
        "IN_CHECK":                         [ 1.5737022E-34,  -4.3342454E-13, -1.5994064E-27  ],
        "CASTLING_RIGHTS":                  [ -6.086025E-15,  -4.1347046E-23, -7.76335E-39    ],
        "VISIBLE_FROM":                     [ 6.305355E-35,   -1.6709014E-17, 0.0017943386    ]
    },
    "KING":
    {
        "VISION":                           [ -2.7498226E-10, 4.3740433E-9,   -2.5369755E-14  ],
        "VISION_ON_OBSERVED":               [ 0.12073189,     -1.17388705E-36,1.193364E-39    ],
        "VISION_DEGRADATION":               [ -2.9319874E-4,  -4.0175095E-7,  1.976E-42       ],
        "LEGAL_MOVES":                      [ -1.3116303E-15, 1.2772601E-7,   9.2578744E-26   ],
        "LEGAL_MOVES_DEGRADATION":          [ 9.59254E-12,    9.44E-43,       -9.092772E-8    ],
        "LIKES_CENTER":                     [ 7.743779E-10,   4.6E-44,        2.994516E-13    ],
        "LIKES_FORWARD":                    [ 4.0788964E-16,  -1.969643E-23,  3.586313E-28    ],
        "SAFE_MOVES":                       [ 1.710535E-14,   -3.9512218E-17, 3.803607E-39    ],
        "SAFE_MOVES_DEGRADATION":           [ 6.9688914E-11,  8.969577E-17,   4.673142E-14    ],
        "CONTESTED_POSITIONS":              [ -3.7512525E-24, -2.4628385E-20, 5.4019935E-34   ],
        "CONTESTED_POSITIONS_DEGRADATION":  [ 7.979223E-15,   -4.7371863E-24, 4.8128886E-31   ],
        "PROTECTION":                       [ -2.0889726E-14, -3.7775294E-15, -9.330423E-5    ],
        "PROTECTION_DEGRADATION":           [ -1.7189627E-26, -8.37E-43,      -1.6853624E-27  ],
        "PROTECTION_WEIGHT_MODIFIER":        [ 0.0,            0.0,            0.0   ],
        "IS_OBSERVED":                      [ -5.124186E-39,  -1.2464E-39,    -1.2754349E-10  ],
        "IS_OBSERVED_DEGRADATION":          [ 3.7963336E-14,  -2.317789E-23,  9.386723E-18    ],
        "IS_OBSERVED_WEIGHT_MODIFIER":      [ -5.2173964E-17, 9.623394E-32,   -3.8358E-36     ],
        "WEIGHT_MODIFIER":                  [ 4.9693233E-7,   1.6433996E-5,   -1.7092704E-16  ]
    },
    "QUEEN":
    {
        "VISION":                           [ -3.132794E-8,   -1.7162244E-10, -1.2837915E-35  ],
        "VISION_ON_OBSERVED":               [ 2.442919E-5,    -3.838553E-7,   -8.235694E-31   ],
        "VISION_DEGRADATION":               [ -6.1199953E-6,  1.0670651E-18,  2.6928997E-17   ],
        "LEGAL_MOVES":                      [ -3.2926422E-20, -1.1E-44,       5.293115E-4     ],
        "LEGAL_MOVES_DEGRADATION":          [ 7.1951885E-24,  7.81144E-13,    -2.0269985E-7   ],
        "LIKES_CENTER":                     [ -1.4038814E-13, 1.3702566E-8,   -3.4890363E-15  ],
        "LIKES_FORWARD":                    [ -3.2839054E-17, 2.6912828E-13,  -1.1833668E-4   ],
        "SAFE_MOVES":                       [ 1.2243318E-12,  -1.9560122E-12, 1.974729E-23    ],
        "SAFE_MOVES_DEGRADATION":           [ 2.944317E-16,   1.029962E-31,   -3.947294E-39   ],
        "CONTESTED_POSITIONS":              [ 1.2634156E-12,  -4.2863548E-19, -2.1277864E-19  ],
        "CONTESTED_POSITIONS_DEGRADATION":  [ 9.6985205E-30,  -1.2295154E-16, 3.68785E-40     ],
        "PROTECTION":                       [ 3.2372854E-13,  -6.2677696E-18, -8.959718E-10   ],
        "PROTECTION_DEGRADATION":           [ -5.930552E-16,  1.48124375E-8,  -7.771985E-31   ],
        "PROTECTION_WEIGHT_MODIFIER":        [ 0.0,            0.0,            0.0   ],
        "IS_OBSERVED":                      [ 1.8383711E-10,  1.189157E-14,   -6.925564E-34   ],
        "IS_OBSERVED_DEGRADATION":          [ 5.286098E-12,   8.032451E-17,   -1.5075472E-8   ],
        "IS_OBSERVED_WEIGHT_MODIFIER":      [ 1.6502518E-14,  -1.4396971E-10, 7.703875E-11    ],
        "WEIGHT_MODIFIER":                  [ -7.396357E-10,  0.21179467,     2.6175393E-15   ]
    },
    "ROOK":
    {
        "VISION":                           [ 1.8378276E-22,  -3.513246E-28,  -2.3148851E-21  ],
        "VISION_ON_OBSERVED":               [ 1.1661287E-24,  -7.72166E-30,   1.597272E-37    ],
        "VISION_DEGRADATION":               [ 3.798654E-13,   8.296604E-7,    -9.247852E-9    ],
        "LEGAL_MOVES":                      [ -4.7456715E-20, -5.4862763E-28, -1.2673467E-37  ],
        "LEGAL_MOVES_DEGRADATION":          [ -2.6003925E-17, -6.9981714E-15, -5.369686E-13   ],
        "LIKES_CENTER":                     [ -3.6275243E-11, -2.156069E-39,  -1.640142E-7    ],
        "LIKES_FORWARD":                    [ -5.3908E-40,    -2.4574806E-29, 5.44539E-40     ],
        "SAFE_MOVES":                       [ 2.232999E-12,   4.530605E-5,    -2.0308612E-34  ],
        "SAFE_MOVES_DEGRADATION":           [ -10.0,          1.1366258E-27,  -3.220555E-12   ],
        "CONTESTED_POSITIONS":              [ 2.8988748E-15,  6.1054203E-15,  -5.440739E-4    ],
        "CONTESTED_POSITIONS_DEGRADATION":  [ 2.1090927,      5.9516045E-16,  5.120191E-10    ],
        "PROTECTION":                       [ -2.032444E-19,  -3.0914984E-32, 8.945247E-21    ],
        "PROTECTION_DEGRADATION":           [ 7.351E-42,      2.3487386E-11,  -2.9639673E-36  ],
        "PROTECTION_WEIGHT_MODIFIER":        [ 0.0,            0.0,            0.0   ],
        "IS_OBSERVED":                      [ -3.371569E-39,  -9.7254014E-17, 1.1952041E-15   ],
        "IS_OBSERVED_DEGRADATION":          [ 7.3752674E-13,  2.486958E-27,   8.059741E-8     ],
        "IS_OBSERVED_WEIGHT_MODIFIER":      [ -1.8034003E-35, 1.2832135E-7,   3.6326965E-4    ],
        "WEIGHT_MODIFIER":                  [ 4.70229E-14,    4.3737816E-19,  5.1606213E-13   ]
    },
    "BISHOP":
    {
        "VISION":                           [ -3.102962E-13,  1.7711077E-38,  4.2269107E-29   ],
        "VISION_ON_OBSERVED":               [ -2.719891E-11,  4.3628542E-16,  3.065457E-5     ],
        "VISION_DEGRADATION":               [ 2.0804532E-14,  1.7082565E-12,  -7.490093E-23   ],
        "LEGAL_MOVES":                      [ -2.3203148E-14, -2.9165543E-14, 2.9008484E-25   ],
        "LEGAL_MOVES_DEGRADATION":          [ -9.9833515E-26, -2.1841478E-33, 0.15545341      ],
        "LIKES_CENTER":                     [ -1.2600397E-12, -3.3100746E-6,  -2.4241971E-12  ],
        "LIKES_FORWARD":                    [ 1.6132206E-27,  -9.185607E-13,  4.4459E-41      ],
        "SAFE_MOVES":                       [ 5.188847E-10,   1.0267245E-6,   -6.258993E-39   ],
        "SAFE_MOVES_DEGRADATION":           [ -3.6824276E-12, 4.0985708E-11,  -2.1798188E-36  ],
        "CONTESTED_POSITIONS":              [ -5.584819E-27,  2.3015357E-32,  4.586835E-13    ],
        "CONTESTED_POSITIONS_DEGRADATION":  [ -1.1717615E-15, 1.6218153E-13,  2.018641E-36    ],
        "PROTECTION":                       [ 3.7410798E-30,  2.5411849E-14,  -0.0060990565   ],
        "PROTECTION_DEGRADATION":           [ 0.055318277,    -6.265835E-13,  3.02329E-8      ],
        "PROTECTION_WEIGHT_MODIFIER":        [ 0.0,            0.0,            0.0   ],
        "IS_OBSERVED":                      [ -6.839107E-17,  9.8E-44,        -1.404542E-7    ],
        "IS_OBSERVED_DEGRADATION":          [ 3.568418E-39,   1.2933575E-7,   -0.27929288     ],
        "IS_OBSERVED_WEIGHT_MODIFIER":      [ -2.2810746E-11, -2.9099593E-31, 5.8723037E-35   ],
        "WEIGHT_MODIFIER":                  [ -8.036692E-14,  -2.1560425E-19, -4.78468E-40    ]
    },